{"cameraMode":{"drawMode":0,"name":"Shaded","section":"Shading Mode"},"sceneLighting":true,"audioPlay":false,"sceneViewState":{"m_AlwaysRefresh":false,"showFog":true,"showSkybox":true,"showFlares":true,"showImageEffects":true,"showParticleSystems":true,"showVisualEffectGraphs":true,"m_FxEnabled":true},"in2DMode":false,"pivot":{"x":10.361034393310547,"y":13.081570625305176,"z":2.125040054321289},"rotation":{"x":-0.06652037054300308,"y":-0.18979981541633607,"z":0.012890581041574479,"w":-0.979485273361206},"size":11.925186157226563,"orthographic":false}